Referencia, Volumen, Vol Análisis, Peso, Peso Análsis, Cobro, Cobro Análisis
156537, 5.99, 2.83, 1.0, 1.0, 9564, 6485
160903, 0.69, 0.15, 0.45, 1.55, 7162, 4542
162425, 3.45, 1.31, 1.08, 0.65, 20374, 4542
162427, 2.87, 0.79, 1.79, 0.25, 15493, 8814
162479, 3.31, 0.9, 1.36, 0.55, 20374, 4542
162542, 3.73, 0.79, 1.11, 0.25, 8449, 4589
162551, 1.22, 0.79, 0.5, 0.5, 3561, 3321
162565, 3.71, 3.0, 1.68, 0.55, 4243, 3670
162571, 3.12, 1.31, 1.34, 0.65, 20374, 4542
162622, 1.8, 0.67, 0.5, 1.24, 5307, 5238
162745, 2.97, 3.79, 1.49, 0.85, 11843, 6058
162898, 4.02, 3.77, 1.0, 1.0, 4243, 5232
162930, 2.1, 5.62, 1.35, 2.09, 12910, 8310
162967, 3.44, 0.79, 1.55, 0.3, 4243, 4482
162996, 3.4, 2.5, 0.87, 0.3, 4243, 4482
163003, 3.14, 0.94, 1.11, 1.0, 20374, 4542
163123, 2.91, 3.77, 0.95, 1.0, 3852, 5232
163252, 1.1, 0.94, 0.65, 1.0, 4097, 5385
163408, 6.0, 2.62, 1.2, 1.0, 8449, 5734
163535, 2.94, 0.06, 1.61, 1.0, 6019, 4589
163936, 1.14, 7.84, 0.65, 2.37, 4269, 5277
165057, 3.14, 6.0, 1.39, 1.96, 20374, 19411
P1-1074043040504-01, 0.75, 1.82, 0.35, 0.75, 4206, 5405
P1-1083881214669-01, 3.67, 3.0, 1.31, 0.72, 7041, 4778
P1-1084060564690-01, 3.62, 2.17, 1.25, 1.0, 6902, 4972
P1-1084521105688-01, 3.04, 1.69, 1.05, 0.65, 7041, 3327
P1-1084662626089-01, 3.7, 1.57, 1.49, 0.5, 4243, 3503
P1-1084900341851-01, 3.41, 1.34, 1.14, 2.47, 7041, 3306
P1-1084921229966-01, 3.36, 1.57, 1.12, 0.6, 6902, 4675
P1-1084940773567-01, 1.72, 1.03, 0.6, 1.33, 3852, 3393
P1-1084980014474-01, 3.49, 3.28, 0.95, 1.95, 9564, 9112
P1-1085102400364-01, 2.88, 0.79, 1.52, 0.25, 3852, 3503
P1-1085120228455-01, 3.12, 1.57, 1.74, 0.65, 4243, 3236
P1-1085241175266-01, 0.88, 0.89, 0.5, 1.25, 7786, 12044
P1-1085630931657-01, 0.37, 0.06, 0.25, 0.41, 4327, 4122
P1-1085890368590-01, 3.45, 1.69, 1.2, 1.0, 7041, 4778
P1-1085940129169-01, 1.01, 1.12, 0.4, 0.95, 4510, 5032
P1-1086101122160-01, 3.1, 0.06, 0.98, 0.37, 6922, 4044
P1-1086363310485-01, 3.25, 3.0, 1.68, 0.5, 4243, 3503
P1-1086560227964-01, 3.78, 0.79, 1.41, 0.25, 5092, 6080
P1-1086570523439-01, 3.0, 0.79, 0.97, 0.5, 4626, 6080
P1-1086610294480-01, 5.02, 5.0, 1.2, 1.5, 7495, 7141
P1-1086821403742-01, 1.37, 0.79, 0.45, 0.5, 3561, 3503
P1-1086891535481-01, 3.26, 0.79, 1.03, 0.25, 4243, 3503
P1-1086892108867-01, 2.94, 9.29, 1.3, 2.36, 5413, 8868
P1-1086893576445-01, 3.14, 0.1, 1.68, 0.78, 6922, 5430
P1-1086900643048-01, 3.84, 3.0, 1.38, 0.5, 4243, 3503
P1-1086901296423-01, 0.27, 0.07, 0.15, 0.3, 3417, 3236
P1-1086911372361-01, 1.2, 2.5, 0.5, 0.25, 4918, 6151
P1-1086911405372-01, 7.11, 3.28, 0.9, 2.25, 9082, 6709
P1-1086911982927-01, 1.05, 2.5, 0.7, 0.76, 4097, 4396
P1-1086922180437-01, 0.7, 3.0, 0.35, 0.5, 3485, 3503
P1-1087001392375-01, 3.14, 0.79, 1.23, 0.25, 8449, 4589
P1-1087141226572-01, 5.2, 2.17, 1.35, 1.0, 7969, 5405
P1-1087150377829-01, 3.45, 0.79, 1.14, 0.25, 4243, 3321
P1-1087250224977-01, 2.88, 0.79, 1.41, 0.5, 3852, 3503
P1-1087272975984-01, 3.73, 0.79, 1.76, 0.25, 7969, 4007
P1-1087290857781-01, 3.28, 0.79, 1.33, 0.25, 7041, 3824
P1-1087321103263-01, 3.26, 2.62, 1.15, 0.25, 5092, 4408
P1-1087341186490-01, 2.96, 3.0, 1.2, 0.5, 5413, 5158
P1-1087371808505-01, 3.04, 0.1, 1.75, 0.77, 6902, 3672
P1-1087382809347-01, 3.42, 0.79, 1.38, 0.25, 7041, 3824
P1-1087391817336-01, 2.95, 0.36, 0.84, 0.83, 12782, 6232
P1-1087393213179-01, 2.66, 1.78, 0.9, 2.39, 5307, 5056
P1-1087442094218-01, 1.06, 0.79, 0.45, 0.5, 4097, 3824
P1-1087483321942-01, 3.18, 2.36, 1.06, 0.85, 8995, 6190
P1-1087520736704-01, 2.96, 0.79, 1.09, 0.25, 5015, 3824
P1-1087531820617-01, 3.51, 2.77, 1.15, 2.64, 4243, 3670
P1-1087590938915-01, 3.64, 0.79, 1.4, 0.2, 8449, 4589
P1-1087591405012-01, 3.15, 2.62, 1.45, 0.85, 4243, 3670
P1-1087593155437-01, 5.15, 3.33, 0.95, 2.42, 7041, 6709
P1-1087730164196-01, 3.3, 2.59, 1.1, 0.78, 4243, 3236
P1-1087750900141-01, 3.39, 3.0, 1.75, 0.55, 7041, 4778
P1-1087751735452-01, 1.08, 3.0, 0.45, 0.65, 4097, 4778
P1-1087762889497-01, 3.8, 0.79, 1.21, 0.25, 8449, 4589
P1-1087782068220-01, 2.99, 0.33, 0.93, 0.78, 11843, 6824
P1-1087830213412-01, 5.44, 2.17, 1.15, 1.0, 7495, 5158
P1-1087830613086-01, 2.92, 3.0, 1.52, 0.5, 3852, 3670
P1-1100010259663-01, 2.59, 0.95, 0.6, 1.34, 5413, 3966
P1-1100243492021-01, 2.97, 0.79, 0.94, 0.35, 5413, 3885
P1-1100393069264-01, 3.35, 3.0, 1.35, 0.55, 8449, 5734
P1-1100412679594-01, 3.16, 0.9, 1.14, 0.75, 4243, 3503
P1-1100452398074-01, 3.7, 6.81, 1.8, 1.15, 8449, 10383
P1-1100490799329-01, 3.3, 0.79, 1.4, 0.2, 4243, 3503
P1-1100492434365-01, 3.57, 0.33, 1.37, 0.85, 9564, 4806
P1-1100520066363-01, 3.51, 0.79, 0.87, 0.35, 7969, 4207
P1-1100611402863-01, 3.41, 3.0, 1.26, 0.5, 7969, 5405
P1-1100632907122-01, 0.6, 0.1, 0.4, 0.78, 3930, 3744
P1-1100651340448-01, 3.4, 0.79, 1.54, 0.25, 6922, 5430
P1-1100663515981-01, 3.08, 0.33, 1.34, 0.5, 7041, 3824
P1-1100692181312-01, 1.56, 0.67, 0.9, 1.24, 5307, 5238
P1-1100730791603-01, 3.62, 0.33, 1.08, 0.85, 6902, 3744
P1-1100870560091-01, 0.75, 0.79, 0.4, 0.5, 4014, 5385
P1-1100950379799-01, 1.07, 3.0, 0.55, 0.5, 3561, 3503
P1-1100972826882-01, 3.69, 0.06, 1.15, 0.37, 5092, 4044
P1-1100982779562-01, 2.86, 0.79, 1.33, 0.25, 5672, 4207
P1-1101123489731-01, 3.3, 0.79, 1.77, 0.25, 6902, 3744
P1-1101132439419-01, 3.2, 3.0, 1.3, 0.5, 7495, 5158
P1-1101142513560-01, 3.46, 0.79, 1.5, 0.25, 4243, 3321
P1-1101160796641-01, 3.18, 0.79, 1.41, 0.35, 23739, 7366
P1-1101193308347-01, 3.0, 0.79, 1.03, 0.35, 6019, 4589
P1-1101201638282-01, 3.83, 0.07, 1.78, 0.1, 4243, 4482
P1-1101221209630-01, 3.81, 0.79, 1.57, 0.25, 6922, 4133
P1-1101233535370-01, 3.36, 2.5, 1.57, 0.56, 7041, 4778
P1-1101240147547-01, 3.25, 0.79, 1.55, 0.35, 7041, 3824
P1-1101321763261-01, 3.11, 3.0, 1.12, 0.5, 8449, 5734
P1-1101323402261-01, 3.46, 0.79, 1.56, 0.25, 7041, 3824
P1-1101331753555-01, 3.01, 2.5, 1.38, 0.2, 5092, 6080
P1-1101332545564-01, 0.96, 2.5, 0.55, 0.5, 3485, 3503
P1-1101341270541-01, 2.98, 0.79, 1.37, 0.35, 5015, 3824
P1-1101351045632-01, 1.14, 2.62, 0.5, 0.5, 3561, 3503
P1-1101371197790-01, 2.88, 3.0, 1.57, 0.5, 5672, 5405
P1-1101372079456-01, 5.93, 3.0, 0.8, 1.0, 6902, 4675
P1-1101380119679-01, 0.97, 0.17, 0.4, 1.0, 3485, 3321
P1-1101430516375-01, 1.59, 2.5, 0.7, 0.65, 5015, 4778
P1-1101432704940-01, 1.72, 2.62, 0.7, 1.0, 3852, 3670
P1-1101442994353-01, 0.56, 0.1, 0.45, 1.0, 3930, 3744
P1-1101450788277-01, 3.59, 0.34, 1.64, 0.3, 20374, 6687
P1-1101462910855-01, 2.02, 5.5, 1.55, 1.2, 4626, 4851
P1-1101463403806-01, 3.11, 1.57, 1.73, 0.55, 8449, 5734
P1-1101472017318-01, 2.92, 0.79, 1.43, 0.3, 11843, 6824
P1-1101473058056-01, 0.59, 0.1, 0.75, 1.0, 7162, 11761
P1-1101473595146-01, 0.65, 0.1, 0.45, 1.0, 3930, 3744
P1-1101552887818-01, 1.49, 3.29, 0.9, 0.95, 4918, 7177
P1-1101570338032-01, 7.1, 3.78, 1.65, 3.0, 10663, 6576
P1-1101580140974-01, 4.52, 1.78, 1.0, 2.39, 7969, 5405
P1-1101581510304-01, 3.04, 0.28, 1.77, 1.0, 7041, 3824
P1-1101583113170-01, 3.26, 0.79, 1.33, 0.35, 7969, 4207
P1-1101583152628-01, 3.56, 3.0, 1.67, 0.5, 20374, 11283
P1-1101590255512-01, 3.28, 3.57, 1.34, 1.0, 5092, 4851
P1-1101591125180-01, 3.58, 7.25, 1.45, 1.65, 24449, 36317
P1-1101591363236-01, 3.36, 4.25, 0.87, 1.0, 7495, 5122
P1-1101601649087-01, 4.33, 3.77, 1.0, 1.0, 7969, 5293
P1-1101620302719-01, 4.9, 3.81, 1.0, 1.1, 7495, 7141
P1-1101632458672-01, 7.49, 4.5, 1.8, 2.0, 12049, 9112
P1-1101640902572-01, 3.59, 0.79, 1.74, 0.5, 4243, 3236
P1-1101652748395-01, 3.57, 2.62, 0.99, 1.0, 20374, 11761
P1-1101660392168-01, 3.79, 0.3, 0.96, 1.0, 8449, 4589
P1-1101681150870-01, 6.3, 3.9, 1.0, 2.72, 31766, 20943
P1-1101681248893-01, 4.57, 2.35, 1.2, 1.0, 7041, 4778
P1-1101682840848-01, 6.74, 3.35, 0.9, 1.0, 9082, 6709
P1-1101691790086-01, 3.66, 0.1, 1.14, 1.0, 20374, 6824
P1-1101692553338-01, 3.09, 0.79, 1.1, 0.25, 4243, 3321
P1-1101701269843-01, 2.34, 7.21, 1.45, 2.3, 5672, 9065
P1-1101712761232-01, 1.59, 3.29, 0.75, 0.8, 5413, 7141
P1-1101723355786-01, 0.98, 2.5, 0.5, 0.65, 7162, 11283
P1-1101810176234-01, 2.88, 2.5, 1.63, 0.5, 4626, 4408
P1-1101813132717-01, 3.31, 0.9, 0.94, 0.5, 21982, 7157
P1-1101822346073-01, 1.82, 5.0, 1.0, 0.65, 5413, 4707
P1-1101841836097-01, 3.42, 0.28, 0.81, 1.0, 4243, 3321
P1-1101870826226-01, 3.49, 2.62, 1.08, 1.44, 4243, 3670
P1-1101871649103-01, 0.89, 3.0, 0.3, 0.2, 4339, 5056
P1-1101871696730-01, 5.51, 3.4, 0.9, 1.0, 7495, 7141
P1-1101880384129-01, 3.04, 0.79, 0.81, 0.35, 8449, 4589
P1-1101900289202-01, 3.81, 5.0, 1.01, 0.8, 8449, 8050
P1-1101902087983-01, 2.86, 3.15, 1.66, 1.1, 4626, 4851
P1-1101942628850-01, 3.05, 0.1, 0.86, 0.5, 7495, 3885
P1-1101951042777-01, 3.79, 3.0, 1.78, 1.44, 7041, 4778
P1-1102033497371-01, 2.86, 0.79, 1.17, 0.3, 4626, 3984
P1-1102043107878-01, 3.54, 0.79, 0.98, 0.35, 20374, 6824
P1-1102073157837-01, 0.59, 0.1, 0.4, 0.5, 7162, 6824
P1-1102092500527-01, 3.01, 5.0, 1.08, 0.65, 7041, 6709
P1-1102100923068-01, 1.45, 3.0, 0.85, 0.65, 3561, 3670
P1-1102100994941-01, 3.69, 3.0, 0.93, 0.65, 4243, 3503
P1-1102112683430-01, 8.69, 3.35, 0.8, 1.0, 8886, 6576
P1-1102113248909-01, 3.74, 2.54, 0.95, 1.0, 4243, 3670
P1-1102120744063-01, 3.03, 0.79, 1.55, 0.35, 4243, 3321
P1-1102121517829-01, 2.9, 0.1, 1.57, 1.0, 12910, 7418
P1-1102122978278-01, 3.21, 0.1, 1.02, 1.0, 4243, 3236
P1-1102131422699-01, 0.49, 0.1, 0.45, 1.0, 3933, 3824
P1-1102151450375-01, 3.11, 0.79, 0.96, 0.3, 7969, 4007
P1-1102161949002-01, 3.35, 0.07, 1.07, 0.3, 4243, 3255
P1-1102162255240-01, 2.95, 0.33, 1.03, 0.78, 3852, 3321
P1-1102163323715-01, 0.76, 0.1, 0.45, 0.78, 3485, 3321
P1-1102192399695-01, 3.09, 2.5, 1.37, 0.5, 4243, 3503
P1-1102280197820-01, 4.31, 3.72, 0.9, 1.0, 7495, 7141
P1-1102312347281-01, 3.63, 0.1, 1.76, 1.0, 4243, 3503
P1-1102321728247-01, 3.43, 0.79, 0.81, 0.3, 23286, 7418
P1-1102321960854-01, 2.82, 5.12, 1.0, 1.0, 11843, 19411
P1-1102333265789-01, 3.33, 0.28, 1.14, 1.0, 8449, 6151
P1-1102340327565-01, 3.53, 0.79, 1.68, 0.25, 7969, 4207
P1-1102353554322-01, 3.87, 0.9, 1.0, 1.77, 6902, 4675
P1-1102370039649-01, 3.74, 2.62, 0.92, 1.0, 4243, 3503
P1-1102381005410-01, 1.92, 5.4, 0.6, 1.3, 3852, 4043
P1-1102391842842-01, 5.75, 4.34, 1.15, 1.0, 20374, 19411
P1-1102400554616-01, 6.75, 3.94, 1.75, 1.0, 4615, 4043
P1-1102411467261-01, 5.31, 3.35, 0.85, 1.0, 4243, 4043
P1-1102440879667-01, 1.55, 3.0, 1.0, 1.44, 5015, 4778
P1-1102513571397-01, 1.21, 0.16, 0.35, 1.23, 7312, 6966
P1-1102532322057-01, 3.01, 2.62, 1.31, 1.0, 7969, 5032
P1-1102542541804-01, 1.05, 3.0, 0.6, 0.5, 4097, 4778
P1-1102543291396-01, 3.66, 0.1, 1.52, 1.0, 7041, 3824
P1-1102562443750-01, 0.97, 0.1, 0.35, 1.0, 4182, 3984
P1-1102570421181-01, 2.91, 2.17, 1.49, 1.0, 3852, 3503
P1-1102572613939-01, 2.94, 0.79, 1.65, 0.3, 3852, 3321
P1-1102583255888-01, 3.23, 0.33, 0.83, 0.5, 5092, 3984
P1-1102600364191-01, 3.71, 1.62, 0.7, 0.5, 23286, 12299
P1-1102610858157-01, 3.12, 0.1, 1.03, 1.0, 7495, 3885
P1-1102613092833-01, 2.09, 0.94, 0.65, 1.0, 5307, 4133
P1-1102632863510-01, 3.25, 0.06, 1.48, 0.37, 8282, 3668
P1-1102633391106-01, 5.71, 3.57, 1.2, 1.0, 5092, 4851
P1-1102641626666-01, 7.59, 2.42, 1.25, 2.91, 31766, 11283
P1-1102642205091-01, 3.44, 3.0, 1.45, 0.5, 8449, 5734
P1-1102650334340-01, 6.24, 3.4, 0.8, 1.0, 9082, 6709
P1-1102652295520-01, 1.3, 0.21, 0.75, 2.16, 4012, 4675
P1-1102663482109-01, 3.58, 0.33, 1.32, 0.2, 7495, 3807
P1-1102663519748-01, 4.58, 2.99, 0.85, 1.0, 7495, 5158
P1-1102670072661-01, 1.8, 2.4, 0.35, 0.65, 5672, 5405
P1-1102671022619-01, 2.1, 2.62, 0.75, 1.44, 5672, 5405
P1-1102672073774-01, 2.97, 0.06, 0.87, 1.0, 3852, 3321
P1-1102673408298-01, 3.06, 0.1, 0.88, 1.0, 20374, 6824
P1-1102680205107-01, 3.14, 1.57, 1.71, 0.5, 20374, 11283
P1-1102693043921-01, 0.59, 0.1, 0.4, 0.78, 4817, 4589
P1-1102771325886-01, 5.99, 3.67, 1.45, 2.0, 4243, 4043
P1-1102780097325-01, 3.8, 0.79, 1.44, 0.3, 4243, 3503
P1-1102780580298-01, 3.1, 0.17, 1.47, 1.0, 5092, 3984
P1-1102781350254-01, 3.1, 0.79, 1.65, 0.25, 8449, 4589
P1-1102781811670-01, 3.41, 2.5, 0.85, 0.5, 7041, 4778
P1-1102783443459-01, 3.01, 0.79, 0.82, 0.5, 23286, 7418
P1-1102791074968-01, 3.74, 0.79, 1.26, 0.3, 24449, 8587
P1-1102802480899-01, 3.09, 0.79, 0.91, 0.35, 23286, 7418
P1-1102810732124-01, 8.25, 4.24, 0.95, 3.75, 9082, 6709
P1-1102823067895-01, 3.17, 0.68, 0.91, 0.4, 20374, 6824
P1-1102841300663-01, 3.68, 0.1, 1.6, 1.0, 8449, 4589
P1-1102850462087-01, 1.74, 3.29, 1.0, 0.9, 12791, 22618
P1-1102851572097-01, 3.23, 0.1, 0.99, 0.5, 23286, 7418
P1-1102852759575-01, 3.63, 2.99, 0.85, 1.0, 9564, 6485
P1-1102880778835-01, 3.67, 3.67, 1.19, 1.1, 5092, 4851
P1-1102900575628-01, 5.1, 2.17, 1.15, 1.0, 7969, 5405
P1-1102903575077-01, 3.26, 3.57, 0.85, 1.0, 4243, 4091
P1-1102911308367-01, 3.48, 0.79, 1.48, 0.3, 20374, 6824
P1-1102912618905-01, 7.73, 3.4, 0.8, 1.0, 11168, 25132
P1-1102913369480-01, 3.48, 0.79, 0.97, 0.25, 8995, 4663
P1-1102990653953-01, 3.32, 0.79, 1.48, 0.25, 7495, 3885
P1-1103002359510-01, 1.71, 0.94, 0.65, 1.0, 6019, 4589
P1-1103002446549-01, 2.9, 0.79, 0.86, 0.3, 12910, 12044
P1-1103012745047-01, 2.47, 1.57, 0.5, 0.95, 12782, 12178
P1-1103031113547-01, 2.96, 0.79, 1.51, 0.25, 12910, 7418
P1-1103031532640-01, 3.74, 0.79, 1.78, 0.25, 7495, 3885
P1-1103040730268-01, 5.97, 3.06, 1.2, 2.91, 6902, 6576
P1-1103052373632-01, 3.11, 0.79, 1.55, 0.25, 7495, 3885
P1-1103053424739-01, 3.49, 0.79, 0.98, 0.25, 21982, 7157
P1-1103062879295-01, 3.34, 0.33, 1.57, 0.5, 6902, 3744
P1-1103063429221-01, 3.28, 0.79, 1.28, 0.3, 7041, 3824
P1-1103072841587-01, 3.4, 3.0, 1.42, 0.65, 5092, 4408
P1-1103080350634-01, 1.09, 0.79, 0.25, 0.3, 4771, 4133
P1-1103090386797-01, 2.38, 3.0, 0.5, 0.5, 11843, 11283
P1-1103110286707-01, 3.31, 0.33, 0.8, 0.65, 4243, 3321
P1-1103112961168-01, 3.12, 6.0, 1.1, 1.15, 20374, 15681
P1-1103113393180-01, 3.11, 3.0, 1.44, 0.5, 7041, 4778
P1-1103121757399-01, 2.99, 0.33, 1.65, 0.85, 11843, 6824
P1-1103121758592-01, 3.56, 3.0, 0.9, 0.5, 5092, 5056
P1-1103122231835-01, 3.27, 2.5, 1.63, 0.65, 20374, 11283
P1-1103142137695-01, 6.27, 0.33, 0.25, 0.78, 5538, 4133
P1-1103160417729-01, 2.87, 0.79, 1.34, 0.25, 6019, 4589
P1-1103160748409-01, 0.5, 0.1, 0.4, 1.0, 4100, 4133
P1-1103181548174-01, 3.11, 0.34, 0.94, 0.2, 7041, 3748
P1-1103233488702-01, 2.92, 0.79, 1.67, 0.25, 5015, 3824
P1-1103250768202-01, 2.95, 0.79, 1.16, 0.25, 3852, 3321
P1-1103252097641-01, 2.94, 2.62, 1.2, 0.5, 3852, 3670
P1-1103261186281-01, 4.47, 2.17, 0.9, 1.0, 20374, 11283
P1-1103270151675-01, 4.12, 2.99, 0.95, 1.0, 7041, 4778
P1-1103300089300-01, 0.81, 3.0, 0.4, 1.44, 3485, 3670
P1-1103320647873-01, 3.38, 0.79, 1.2, 0.25, 8282, 3744
P1-1103320865600-01, 2.84, 0.79, 0.94, 1.0, 4626, 5085
P1-1103342888262-01, 3.18, 3.0, 1.15, 0.5, 20374, 11283
P1-1103362887621-01, 2.91, 0.79, 1.7, 0.25, 11843, 6824
P1-1103371963608-01, 3.2, 2.5, 1.8, 0.55, 20374, 11283
P1-1103383208722-01, 4.89, 6.0, 1.0, 1.5, 23286, 22187
P1-1103390201142-01, 3.22, 3.79, 0.7, 0.8, 23286, 22187
P1-1103402582508-01, 4.4, 3.0, 0.35, 0.5, 7041, 4778
P1-1103520846987-01, 3.52, 0.33, 1.19, 0.85, 20374, 6824
P1-1103521129833-01, 3.38, 0.33, 1.21, 0.65, 5092, 3984
P1-1103531637279-01, 3.45, 0.33, 1.26, 0.2, 21982, 7013
P1-1103541578322-01, 3.01, 2.62, 0.94, 0.5, 7041, 4778
P1-1103552084176-01, 2.84, 0.79, 1.71, 0.3, 4626, 3984
P1-1103560815662-01, 3.42, 0.79, 1.24, 0.25, 6902, 3744
P1-1103582712304-01, 3.01, 2.4, 1.29, 0.65, 20374, 11283
P1-1103590616939-01, 5.46, 4.34, 1.15, 1.0, 28486, 27140
P1-1103601373493-01, 0.9, 3.29, 0.75, 0.8, 4206, 7592
P1-1103612631505-01, 2.03, 3.0, 0.75, 0.65, 6019, 5734
P1-1103612915173-01, 3.07, 0.79, 1.68, 0.25, 7495, 3885
P1-1103622174491-01, 5.92, 4.25, 1.1, 2.86, 6922, 6595
P1-1103753155325-01, 2.35, 0.66, 0.45, 1.67, 12910, 12299
P1-1103753446414-01, 3.0, 0.1, 1.1, 1.0, 4907, 3675
P1-1103802071732-01, 1.22, 3.0, 0.8, 0.65, 7949, 12299
P1-1103811323902-01, 0.85, 2.5, 0.45, 0.5, 4014, 4778
P1-1103820540665-01, 1.13, 3.0, 0.35, 0.5, 3561, 3670
P1-1103820767184-01, 1.28, 0.1, 0.45, 0.85, 4269, 3984
P1-1103851176199-01, 3.03, 0.33, 1.44, 0.85, 23286, 7418
P1-1103860162733-01, 3.45, 0.79, 1.35, 0.25, 7041, 3824
P1-1103871617405-01, 1.26, 0.9, 0.48, 1.13, 4918, 4686
P1-1103900588303-01, 1.91, 1.62, 0.7, 0.2, 6019, 5734
P1-1103993261634-01, 2.05, 0.99, 0.75, 1.0, 12782, 10618
P1-1104000473051-01, 7.24, 2.9, 1.65, 2.41, 31766, 12178
P1-1104000492520-01, 6.88, 3.94, 1.95, 1.0, 10282, 6595
P1-1104011101816-01, 3.46, 1.12, 1.68, 0.6, 7495, 3966
P1-1104012853377-01, 4.16, 0.9, 0.58, 1.13, 8449, 4686
P1-1104020037496-01, 3.23, 2.5, 1.56, 0.55, 7969, 5405
P1-1104031781648-01, 5.85, 2.54, 1.1, 1.0, 4243, 3670
P1-1104032299183-01, 3.41, 0.02, 1.18, 0.27, 20374, 6687
P1-1104050620916-01, 3.06, 2.62, 1.08, 0.5, 4243, 3670
P1-1104051914813-01, 3.0, 0.79, 1.38, 0.3, 4626, 3984
P1-1104060156492-01, 0.53, 0.1, 0.35, 0.73, 4014, 3824
P1-1104060444932-01, 3.56, 2.4, 1.22, 0.25, 6922, 5056
P1-1104061192426-01, 0.79, 2.5, 0.7, 0.25, 7162, 11283
P1-1104061706194-01, 0.94, 0.1, 0.35, 1.0, 7786, 7418
P1-1104071001204-01, 3.56, 3.0, 1.71, 0.5, 7041, 4778
P1-1104071121184-01, 6.51, 1.8, 1.0, 2.26, 31766, 11283
P1-1104073424679-01, 3.11, 0.79, 1.48, 0.25, 8449, 4589
P1-1104073572628-01, 3.81, 2.5, 0.84, 0.2, 5092, 4408
P1-1104080554016-01, 5.52, 2.59, 1.35, 3.08, 7495, 7141
P1-1104082543511-01, 3.79, 6.0, 1.2, 1.94, 20374, 19411
P1-1104082685854-01, 1.77, 0.9, 0.5, 1.13, 11843, 6966
P1-1104083416822-01, 3.79, 1.31, 1.21, 0.65, 6922, 4546
P1-1104090439568-01, 1.35, 1.31, 0.4, 0.65, 4918, 6058
P1-1104091045232-01, 3.11, 2.62, 1.77, 0.5, 4243, 3670
P1-1104091930610-01, 3.31, 0.79, 0.92, 0.25, 23739, 7366
P1-1104093160593-01, 3.75, 2.59, 1.05, 2.36, 20374, 11283
P1-1104093360606-01, 1.1, 0.06, 0.3, 0.37, 3561, 3255
P1-1104100737662-01, 0.6, 0.79, 0.2, 0.25, 3485, 3503
P1-1104101364093-01, 3.58, 0.79, 1.15, 0.25, 7041, 3824
P1-1104102428070-01, 1.77, 5.4, 1.4, 0.75, 4626, 4851
P1-1104102568617-01, 3.28, 2.5, 1.53, 0.5, 23286, 12299
P1-1104102803445-01, 3.17, 1.57, 1.76, 0.5, 5092, 4408
P1-1104110018264-01, 3.86, 3.9, 0.85, 1.98, 20374, 19411
P1-1104110032264-01, 2.67, 7.84, 1.3, 2.37, 4626, 5277
P1-1104110133749-01, 0.84, 3.0, 0.35, 0.72, 7162, 11283
P1-1104111375376-01, 3.1, 0.02, 1.77, 0.27, 4243, 3255
P1-1104111725981-01, 2.83, 3.36, 0.85, 1.61, 6807, 9112
P1-1104111919816-01, 3.57, 5.0, 1.57, 1.25, 20374, 15681
P1-1104112167987-01, 1.88, 2.5, 0.7, 0.65, 5015, 4778
P1-1104112277391-01, 3.8, 2.62, 1.14, 0.89, 9564, 6485
P1-1104112513315-01, 4.85, 3.36, 0.8, 1.61, 9564, 9112
P1-1104120933279-01, 3.8, 0.79, 1.53, 0.25, 20374, 6824
P1-1104122038286-01, 1.47, 0.9, 0.45, 0.5, 4097, 3824
P1-1104122354211-01, 1.65, 2.1, 0.5, 1.0, 12910, 12299
P1-1104123014484-01, 2.92, 1.57, 0.4, 0.7, 5672, 5405
P1-1104131221324-01, 4.85, 2.25, 1.25, 2.71, 8449, 5734
P1-1104142011082-01, 6.23, 2.41, 1.3, 1.35, 31766, 11283
P1-1104143473085-01, 3.62, 1.57, 1.75, 0.9, 7041, 4778
P1-1104152098456-01, 3.55, 3.0, 1.63, 0.35, 4243, 3670
P1-1104172874735-01, 3.34, 0.33, 1.29, 0.5, 4243, 3321
P1-1104190467726-01, 1.39, 0.33, 0.3, 0.78, 4269, 3984
P1-1104213595335-01, 3.45, 0.33, 0.85, 0.85, 20374, 6824
P1-1104221798746-01, 4.33, 2.25, 1.2, 2.71, 9939, 6190
P1-1104222248153-01, 2.79, 1.56, 0.85, 0.81, 5413, 5158
P1-1104232170488-01, 2.88, 0.33, 0.84, 0.85, 4626, 3984
P1-1104242721538-01, 4.05, 0.9, 0.48, 1.13, 20374, 6966
P1-1104260717054-01, 0.94, 2.5, 0.65, 0.25, 5298, 6485
P1-1104283214960-01, 8.04, 5.96, 2.2, 1.95, 10041, 7592
P1-1104290668839-01, 5.25, 2.59, 1.35, 3.08, 20374, 19411
P1-1104291871540-01, 2.85, 1.85, 1.15, 2.64, 11843, 11283
P1-1104292907678-01, 3.73, 0.47, 0.85, 0.95, 7969, 4207
P1-1104321177198-01, 3.54, 3.79, 1.41, 0.75, 5092, 5939
P1-1104322601628-01, 0.98, 2.5, 0.7, 0.75, 4182, 5056
P1-1104330252684-01, 3.2, 2.62, 1.05, 0.67, 28486, 14623
P1-1104372857374-01, 5.64, 6.56, 1.35, 1.5, 8995, 10641
P1-1104451221760-01, 2.53, 1.62, 0.75, 0.5, 5413, 5158
P1-1104453361009-01, 2.89, 3.0, 1.59, 0.5, 3852, 3670
P1-1104460465232-01, 2.41, 6.19, 1.3, 1.15, 3852, 4397
P1-1104461973006-01, 6.57, 3.22, 1.05, 2.79, 31766, 19411
P1-1104471186302-01, 2.58, 1.6, 1.15, 2.14, 4626, 4408
P1-1104491971715-01, 1.42, 0.79, 0.3, 0.3, 7949, 7418
P1-1104492260971-01, 1.44, 3.0, 0.6, 0.5, 4097, 4778
P1-1104502836501-01, 2.04, 1.62, 0.75, 0.5, 6019, 5734
P1-1104551850148-01, 2.86, 3.0, 1.57, 0.5, 6019, 5734
P1-1104551852010-01, 3.28, 1.9, 0.8, 1.83, 5092, 4408
P1-1104552786384-01, 3.34, 0.79, 0.89, 0.25, 7969, 4207
P1-1104560915925-01, 3.09, 1.57, 1.49, 0.7, 8449, 5734
P1-1104563554325-01, 3.06, 0.79, 1.04, 0.35, 23286, 7418
P1-1104570425874-01, 3.31, 0.1, 1.53, 1.0, 7969, 5032
P1-1104570516502-01, 3.23, 1.57, 1.52, 0.7, 4243, 3670
P1-1104571421247-01, 3.69, 2.36, 1.24, 1.05, 20374, 11283
P1-1104571741765-01, 3.72, 3.79, 0.96, 0.6, 7969, 7592
P1-1104572476219-01, 3.05, 0.79, 0.91, 0.35, 7969, 4007
P1-1104573234349-01, 0.95, 2.4, 0.4, 0.65, 4817, 5734
P1-1104582995072-01, 1.68, 0.94, 0.65, 1.0, 4626, 3984
P1-1104592920787-01, 1.83, 2.89, 0.6, 1.59, 3852, 3670
P1-1104600851141-01, 2.5, 2.62, 1.05, 0.67, 11843, 11283
P1-1104602386213-01, 3.08, 0.3, 0.93, 1.0, 8995, 4663
P1-1104602746468-01, 3.52, 0.1, 1.78, 1.0, 8995, 4663
P1-1104603459485-01, 3.78, 0.79, 1.2, 0.3, 7041, 3824
P1-1104611850144-01, 3.48, 0.79, 0.92, 0.35, 4243, 3321
P1-1104632443830-01, 1.59, 3.94, 0.65, 1.75, 3852, 4043
P1-1104672072259-01, 3.14, 1.57, 0.93, 0.7, 20374, 11283
P1-1104680343815-01, 1.58, 1.31, 0.65, 1.46, 5672, 4090
P1-1104682591943-01, 1.73, 1.31, 0.85, 0.15, 5672, 4090
P1-1104701408394-01, 3.35, 0.79, 1.31, 0.35, 4243, 3321
P1-1104701488871-01, 3.47, 1.57, 1.32, 0.7, 4243, 3670
P1-1104702209853-01, 3.02, 1.57, 1.05, 0.7, 4243, 3670
P1-1104710735684-01, 3.6, 0.79, 1.01, 0.35, 20374, 6824
P1-1104711301806-01, 5.01, 1.62, 0.8, 0.5, 6902, 4675
P1-1104713010111-01, 1.9, 6.29, 0.75, 2.08, 5413, 8868
P1-1104713106476-01, 2.9, 1.31, 1.49, 0.89, 5015, 3904
P1-1104720771636-01, 3.68, 0.79, 1.19, 0.35, 7041, 3824
P1-1104721195031-01, 3.61, 1.57, 1.52, 0.7, 7041, 4778
P1-1104722181448-01, 3.12, 3.0, 1.31, 0.98, 23739, 12187
P1-1104722425002-01, 3.69, 1.31, 1.8, 0.8, 7041, 3904
P1-1104730698977-01, 3.21, 3.81, 1.49, 1.64, 7495, 7141
P1-1104730849877-01, 2.86, 0.79, 1.31, 0.35, 4626, 4133
P1-1104732954575-01, 3.32, 3.79, 0.88, 1.33, 8449, 8050
P1-1104733029641-01, 3.09, 1.57, 1.28, 0.7, 4243, 3670
P1-1104741171884-01, 3.58, 3.0, 1.03, 0.5, 20374, 11283
P1-1104760439371-01, 4.54, 2.25, 1.0, 1.22, 7495, 5158
P1-1104761353318-01, 3.55, 3.0, 0.82, 0.98, 23286, 12299
P1-1104762504068-01, 3.51, 0.79, 0.93, 0.35, 8449, 4589
P1-1104763378039-01, 2.53, 11.65, 1.25, 4.11, 11843, 36696
P1-1104773133908-01, 3.11, 0.79, 1.11, 0.3, 7041, 3824
P1-1104773454735-01, 3.14, 1.34, 0.97, 1.16, 20374, 6966
P1-1104780086994-01, 2.98, 2.5, 1.7, 0.75, 3852, 3670
P1-1104780960926-01, 3.36, 0.33, 1.42, 0.5, 4243, 3321
P1-1104782832386-01, 3.26, 3.36, 0.8, 1.61, 7041, 6709
P1-1104790597387-01, 3.38, 3.0, 0.94, 0.98, 7969, 5405
P1-1104792842757-01, 2.94, 2.36, 1.36, 1.05, 5015, 4778
P1-1104800244774-01, 3.74, 0.79, 0.97, 0.3, 6922, 4133
P1-1104811322420-01, 1.11, 0.58, 0.45, 1.15, 4918, 4686
P1-1104811853997-01, 3.07, 0.79, 1.61, 0.35, 20374, 6824
P1-1104820335234-01, 0.47, 0.1, 0.45, 0.85, 4796, 4663
P1-1104823394208-01, 3.29, 0.79, 1.73, 0.35, 7041, 3824
P1-1104850928856-01, 3.03, 0.79, 1.58, 0.35, 4243, 3321
P1-1104853257604-01, 1.35, 1.35, 0.55, 0.09, 7949, 7574
P1-1104870574884-01, 3.64, 2.5, 1.62, 0.65, 20374, 11283
P1-1104930766864-01, 2.96, 0.79, 1.74, 0.35, 3852, 3503
P1-1104931114688-01, 3.7, 1.31, 1.49, 0.55, 6922, 4546
P1-1104931716777-01, 3.58, 0.79, 1.55, 0.35, 4243, 3321
P1-1104932977319-01, 3.55, 1.31, 1.11, 0.89, 23286, 7574
P1-1104933098185-01, 1.17, 0.58, 0.5, 1.15, 4918, 4686
P1-1104941650950-01, 3.31, 3.79, 1.48, 1.33, 6902, 6576
P1-1104942703438-01, 2.98, 3.0, 1.29, 0.98, 4626, 4408
P1-1104950014249-01, 2.98, 3.0, 1.13, 0.98, 4626, 5056
P1-1104950344108-01, 3.7, 1.57, 1.2, 0.7, 21982, 12178
P1-1104950828383-01, 2.98, 3.15, 1.36, 1.4, 11843, 19411
P1-1104961297319-01, 3.06, 0.79, 1.27, 0.35, 9564, 5048
P1-1104961810252-01, 8.63, 3.81, 1.05, 0.95, 31766, 19411
P1-1104970367479-01, 3.57, 0.79, 1.4, 0.35, 7041, 3824
P1-1104970621074-01, 1.1, 2.5, 0.7, 0.65, 4097, 4778
P1-1104972328722-01, 3.5, 1.31, 1.31, 0.55, 7969, 4297
P1-1104972356240-01, 3.56, 0.79, 1.48, 0.35, 6922, 4133
P1-1104980412766-01, 4.51, 4.25, 1.1, 2.86, 7041, 6709
P1-1104982702148-01, 3.0, 0.1, 1.6, 1.0, 4626, 3984
P1-1104991865245-01, 1.33, 0.51, 0.6, 1.17, 4012, 3823
P1-1104992537702-01, 3.71, 3.0, 1.64, 0.5, 7969, 5405
P1-1104993229938-01, 5.16, 3.9, 1.15, 2.72, 7969, 7592
P1-1105000450593-01, 8.18, 1.37, 0.8, 1.85, 31766, 11283
P1-1105000517230-01, 2.61, 5.62, 1.1, 1.87, 4626, 4851
P1-1105003296666-01, 5.25, 1.11, 1.1, 2.42, 20374, 11283
P1-1105010983119-01, 3.16, 0.79, 1.65, 0.35, 23286, 7418
P1-1105020802030-01, 5.58, 1.9, 0.8, 1.83, 8449, 5734
P1-1105023028791-01, 3.08, 0.79, 0.93, 0.35, 7041, 3824
P1-1105031801206-01, 3.27, 3.0, 1.14, 0.55, 6902, 4675
P1-1105040106017-01, 6.38, 3.9, 0.9, 1.98, 9308, 7141
P1-1105041730580-01, 5.82, 3.06, 1.15, 2.91, 21982, 20943
P1-1105043207009-01, 2.96, 1.57, 1.75, 0.7, 5015, 4778
P1-1105043396892-01, 3.18, 1.69, 1.31, 0.85, 4243, 3670
P1-1105051872764-01, 3.8, 1.31, 1.24, 0.89, 21982, 7305
P1-1105060137480-01, 3.83, 1.57, 1.09, 0.5, 7041, 4778
P1-1105060365921-01, 3.53, 3.0, 1.18, 0.65, 7969, 5405
P1-1105061748203-01, 1.69, 5.39, 0.85, 2.34, 5413, 7141
P1-1105063517936-01, 3.14, 2.87, 1.0, 2.11, 23739, 12187
P1-1105063596092-01, 1.3, 1.57, 0.55, 0.6, 4269, 4408
P1-1105071509587-01, 3.68, 4.12, 0.97, 1.68, 8995, 8570
P1-1105080869181-01, 1.37, 2.62, 0.55, 1.78, 4771, 5056
P1-1105152357143-01, 3.18, 0.79, 1.64, 0.25, 8449, 4589
P1-1105172032847-01, 2.87, 3.0, 1.21, 0.98, 12910, 12299
P1-1105181392784-01, 3.08, 1.31, 1.5, 0.3, 20374, 6966
P1-1105182112749-01, 2.46, 1.35, 0.7, 1.58, 5015, 4778
P1-1105182310206-01, 1.55, 3.81, 0.9, 0.95, 11843, 19411
P1-1105191448373-01, 4.16, 1.98, 1.0, 2.53, 7041, 4778
P1-1105191688228-01, 1.57, 6.15, 0.6, 2.38, 11843, 30265
P1-1105200405879-01, 3.59, 3.0, 1.15, 0.98, 7041, 4778
P1-1105231989336-01, 1.59, 0.42, 0.8, 2.21, 4907, 4675
P1-1105232056996-01, 0.2, 0.02, 0.2, 0.27, 3850, 3668
P1-1105243086149-01, 3.49, 0.79, 1.12, 0.35, 4243, 3321
P1-1105270279215-01, 2.87, 1.57, 1.64, 0.7, 5015, 4778
P1-1105273539203-01, 0.49, 0.1, 0.25, 1.0, 3933, 3824
P1-1105282351771-01, 3.68, 1.57, 1.02, 0.7, 7041, 4778
P1-1105282688995-01, 1.02, 0.67, 1.0, 1.63, 3561, 3670
P1-1105290120699-01, 2.59, 5.12, 0.85, 2.19, 3852, 4043
P1-1105292224511-01, 3.82, 0.79, 0.9, 0.3, 4243, 3321
P1-1105292535926-01, 2.84, 1.35, 0.75, 1.58, 11843, 11283
P1-1105302189035-01, 3.3, 0.1, 0.96, 1.0, 24449, 8587
P1-1105310919955-01, 3.04, 1.9, 0.75, 1.83, 7969, 5405
P1-1105311653012-01, 3.19, 0.77, 1.69, 1.26, 5092, 4067
P1-1105320628957-01, 3.04, 2.36, 1.38, 1.05, 6922, 5056
P1-1105320663382-01, 5.79, 2.87, 1.0, 2.11, 8282, 4675
P1-1105321931615-01, 3.8, 2.1, 1.23, 0.9, 7495, 5158
P1-1105322059694-01, 2.95, 2.36, 0.84, 1.05, 11843, 11283
P1-1105330078460-01, 3.8, 0.33, 1.0, 0.85, 7969, 4007
P1-1105332015295-01, 2.04, 5.12, 1.0, 2.53, 5307, 6595
P1-1105332140782-01, 3.1, 2.62, 0.7, 1.19, 4243, 3670
P1-1105333576997-01, 3.68, 1.57, 1.37, 0.7, 4243, 3670
P1-1105341380203-01, 3.71, 0.79, 1.32, 0.35, 7969, 4207
P1-1105402657991-01, 3.01, 2.36, 1.5, 1.05, 5092, 4408
P1-1105410197836-01, 3.57, 0.79, 1.47, 0.35, 7041, 3824
P1-1105420916507-01, 6.58, 4.25, 1.1, 2.86, 31766, 20943
P1-1105421473809-01, 2.92, 1.31, 0.86, 0.89, 5413, 3966
P1-1105421644529-01, 1.5, 0.94, 0.65, 1.0, 4097, 3824
P1-1105422527168-01, 1.56, 0.94, 0.75, 1.0, 11843, 6824
P1-1105431091510-01, 0.83, 0.11, 0.4, 0.86, 3930, 3744
P1-1105431096418-01, 1.44, 0.94, 0.75, 1.0, 5777, 4663
P1-1105431622420-01, 3.5, 2.89, 1.77, 1.59, 20374, 11283
P1-1105431644671-01, 3.74, 0.79, 0.87, 0.35, 8995, 4663
P1-1105431861115-01, 2.98, 0.79, 1.36, 0.35, 5413, 3885
P1-1105433244269-01, 3.26, 1.31, 1.8, 0.89, 6902, 3823
P1-1105433465910-01, 3.79, 0.79, 0.81, 0.35, 4243, 3321
P1-1105440600989-01, 3.6, 0.79, 1.47, 0.35, 20374, 6824
P1-1105440905031-01, 3.14, 2.36, 0.9, 1.05, 5092, 5056
P1-1105440971719-01, 3.33, 1.57, 1.47, 0.7, 7495, 5158
P1-1105441200337-01, 2.9, 1.31, 0.95, 0.89, 4626, 4067
P1-1105441354813-01, 3.78, 0.79, 1.75, 0.35, 7041, 3824
P1-1105442885770-01, 2.12, 5.39, 0.85, 2.34, 5015, 6709
P1-1105450012478-01, 1.06, 6.79, 0.7, 2.31, 7949, 32072
P1-1105450280015-01, 3.35, 6.0, 1.02, 1.96, 4243, 4043
P1-1105451155801-01, 4.54, 0.9, 0.36, 1.13, 7041, 3904
P1-1105452614410-01, 3.79, 3.79, 1.57, 1.33, 23286, 22187
P1-1105453236510-01, 0.79, 0.33, 0.4, 0.2, 4014, 3748
P1-1105453527473-01, 3.7, 0.79, 1.47, 0.35, 21982, 7157
P1-1105460285897-01, 2.77, 3.36, 0.85, 1.61, 6019, 8050
P1-1105461564618-01, 2.86, 1.57, 0.84, 0.7, 3852, 3670
P1-1105470233553-01, 3.45, 0.33, 1.53, 0.78, 4243, 3321
P1-1105471078771-01, 2.87, 0.02, 1.35, 0.27, 3852, 3255
P1-1105471302798-01, 2.63, 4.72, 0.9, 2.34, 3852, 4043
P1-1105471895352-01, 3.05, 0.79, 1.13, 0.35, 6902, 3744
P1-1105471946775-01, 1.47, 2.1, 0.45, 1.24, 7312, 11283
P1-1105472062996-01, 3.84, 0.79, 1.06, 0.35, 20374, 6824
P1-1105472420926-01, 3.45, 1.31, 1.14, 0.89, 4243, 3393
P1-1105472571402-01, 3.08, 0.79, 0.85, 0.35, 7041, 3824
P1-1105472831456-01, 2.93, 1.57, 1.58, 0.7, 6019, 5734
P1-1105472967962-01, 1.73, 5.12, 0.8, 2.53, 5307, 6595
P1-1105480098001-01, 1.52, 6.15, 0.7, 2.38, 12910, 32072
P1-1105482429137-01, 3.72, 0.79, 1.4, 0.25, 6902, 3744
P1-1105490507049-01, 2.99, 1.31, 1.51, 0.8, 3852, 3393
P1-1105490854350-01, 3.45, 3.0, 1.12, 0.98, 27943, 14761
P1-1105491261830-01, 1.8, 1.35, 0.55, 0.09, 5672, 4090
P1-1105491440752-01, 1.59, 3.41, 0.7, 2.13, 5015, 6709
P1-1105492307144-01, 1.67, 0.9, 0.4, 1.13, 11843, 6966
P1-1105492553665-01, 3.08, 0.79, 0.81, 0.35, 6902, 3744
P1-1105492840712-01, 2.88, 3.0, 1.15, 0.98, 4626, 4408
P1-1105502771152-01, 3.68, 2.5, 0.98, 0.2, 9564, 6485
P1-1105503416203-01, 3.37, 3.0, 1.61, 0.65, 20374, 11283
P1-1105512464327-01, 0.69, 0.25, 0.2, 0.15, 3930, 3668
P1-1105520513755-01, 3.58, 6.0, 1.67, 1.96, 20374, 19411
P1-1105520661481-01, 3.4, 0.79, 0.81, 0.35, 8282, 3744
P1-1105522440395-01, 3.44, 2.1, 1.53, 1.24, 8449, 5734
P1-1105523251576-01, 2.97, 2.1, 1.05, 1.24, 11843, 11283
P1-1105530935666-01, 3.37, 0.1, 1.77, 1.0, 23286, 7418
P1-1105530968685-01, 3.2, 0.79, 1.43, 0.35, 7041, 3824
P1-1105540352813-01, 3.28, 2.89, 1.2, 1.25, 23286, 12299
P1-1105540833391-01, 8.5, 7.2, 1.15, 2.76, 5538, 5277
P1-1105542142545-01, 3.37, 1.31, 1.03, 0.89, 23286, 7574
P1-1105551079858-01, 3.21, 1.31, 1.45, 0.89, 7041, 3904
P1-1105552260590-01, 3.63, 0.79, 0.94, 0.35, 6902, 3744
P1-1105561138933-01, 3.08, 0.34, 0.85, 0.35, 20374, 6687
P1-1105562498909-01, 3.44, 0.79, 0.87, 0.35, 6902, 3744
P1-1105571052004-01, 3.82, 1.57, 0.83, 0.7, 7969, 5405
P1-1105571826808-01, 3.72, 2.1, 1.02, 0.9, 8449, 5734
P1-1105583514354-01, 3.01, 2.74, 1.59, 0.7, 4243, 3670
P1-1105640685768-01, 3.71, 0.25, 0.86, 0.56, 4243, 3321
P1-1105650742261-01, 3.34, 4.31, 0.94, 1.87, 7041, 6709
P1-1105672224291-01, 3.31, 0.79, 1.48, 0.35, 7495, 3885
P1-1105672654884-01, 3.43, 0.49, 1.72, 0.92, 6922, 4133
P1-1105672767851-01, 2.96, 0.9, 1.27, 1.13, 5015, 3904
P1-1105673585518-01, 2.99, 0.79, 1.46, 0.35, 7068, 4493
P1-1105682344871-01, 2.93, 1.31, 1.46, 0.89, 3852, 3393
P1-1105683318071-01, 3.04, 3.0, 1.49, 0.98, 6922, 5056
P1-1105690331973-01, 2.45, 1.01, 0.85, 1.98, 12910, 12299
P1-1105690443388-01, 2.99, 0.79, 0.86, 0.35, 6019, 4589
P1-1105691136261-01, 2.91, 1.31, 1.05, 0.55, 3852, 3393
P1-1105691487218-01, 3.67, 0.79, 0.94, 0.35, 20374, 6824
P1-1105692071506-01, 1.09, 2.5, 0.6, 0.85, 7312, 11283
P1-1105692795899-01, 3.58, 2.1, 1.57, 1.24, 6902, 4675
P1-1105693459323-01, 3.03, 0.79, 1.52, 0.3, 8449, 4589
P1-1105701037501-01, 9.02, 6.56, 2.6, 4.03, 9308, 8868
P1-1105701835650-01, 3.4, 1.57, 1.17, 0.7, 4243, 3670
P1-1105702339366-01, 0.49, 0.33, 1.0, 0.78, 3485, 3321
P1-1105703180855-01, 3.29, 2.1, 1.23, 1.24, 20374, 11283
P1-1105703408729-01, 3.34, 0.9, 1.8, 1.13, 4243, 3503
P1-1105703561568-01, 3.41, 1.57, 1.32, 0.7, 8449, 6485
P1-1105711222068-01, 2.94, 0.51, 0.89, 1.17, 12782, 7305
P1-1105712314642-01, 2.91, 1.57, 1.16, 0.7, 4907, 4675
P1-1105712577549-01, 3.6, 1.57, 1.12, 0.7, 8449, 5734
P1-1105720081007-01, 3.18, 1.57, 1.27, 0.7, 7495, 5158
P1-1105721981022-01, 3.69, 3.0, 0.88, 0.98, 5092, 4408
P1-1105722273473-01, 3.74, 3.0, 1.0, 0.98, 6922, 5056
P1-1105722961206-01, 2.02, 1.51, 0.85, 1.69, 4907, 4675
P1-1105723306876-01, 3.77, 0.79, 1.66, 0.35, 7041, 3824
P1-1105723590810-01, 2.86, 0.33, 1.45, 0.78, 3852, 3503
P1-1105730073728-01, 3.29, 3.0, 1.76, 0.98, 4243, 3670
P1-1105732602127-01, 3.48, 3.0, 1.5, 0.98, 5092, 4408
P1-1105733145966-01, 3.42, 0.02, 1.54, 0.27, 8449, 4497
P1-1105740375829-01, 1.41, 3.81, 0.65, 1.64, 4097, 6709
P1-1105751478692-01, 0.93, 3.0, 0.35, 0.55, 7162, 11283
P1-1105751675214-01, 2.94, 0.79, 1.47, 0.35, 5015, 3824
P1-1105752565966-01, 3.35, 0.79, 1.53, 0.35, 7041, 3824
P1-1105760673768-01, 2.9, 0.33, 1.33, 0.2, 5015, 3748
P1-1105760706076-01, 2.86, 0.79, 1.13, 0.35, 3852, 3321
P1-1105760859502-01, 1.85, 0.66, 0.4, 1.67, 3852, 3670
P1-1105762781917-01, 2.84, 2.07, 1.0, 2.46, 6019, 5734
P1-1105763038553-01, 2.93, 0.34, 1.39, 0.35, 15493, 8723
P1-1105770669568-01, 3.29, 0.77, 0.98, 1.26, 6922, 4546
P1-1105770945253-01, 1.68, 10.31, 1.05, 3.83, 6019, 11097
P1-1105771222660-01, 1.34, 3.0, 0.75, 0.65, 4771, 5056
P1-1105772935928-01, 3.26, 3.29, 1.69, 0.95, 20374, 19411
P1-1105781127727-01, 1.26, 3.0, 0.35, 0.5, 4012, 4675
P1-1105781192052-01, 3.07, 1.31, 1.12, 0.89, 7495, 3966
P1-1105781725208-01, 3.48, 1.31, 1.1, 0.89, 21982, 7305
P1-1105782523838-01, 3.62, 1.31, 0.97, 0.89, 23286, 7574
P1-1105792656959-01, 3.78, 0.79, 1.14, 0.3, 20374, 6824
P1-1105792906264-01, 1.6, 0.9, 0.45, 1.13, 6019, 4686
P1-1105842874384-01, 2.98, 0.79, 1.56, 0.25, 3852, 3503
P1-1105892772662-01, 3.14, 1.31, 1.46, 0.55, 5092, 4067
P1-1105910483044-01, 2.21, 2.62, 0.75, 1.78, 5015, 4778
P1-1105910686238-01, 1.56, 2.1, 0.65, 1.24, 5413, 5158
P1-1105931133190-01, 3.55, 2.5, 1.58, 0.75, 6922, 5056
P1-1105940719709-01, 3.71, 1.57, 1.45, 0.7, 5092, 4408
P1-1105970699215-01, 2.98, 0.79, 1.41, 0.35, 103500, 4589
P1-1106001114358-01, 3.29, 1.57, 1.45, 0.7, 5092, 4408
P1-1106010699614-01, 3.29, 1.31, 1.45, 1.0, 4243, 3393
P1-1106020636675-01, 3.31, 4.08, 1.42, 1.45, 5092, 4851
P1-1106020851571-01, 3.59, 0.79, 0.84, 0.35, 5092, 3984
P1-1106033249223-01, 3.05, 3.0, 1.58, 0.98, 8449, 5734
P1-1106053226960-01, 3.83, 0.1, 0.88, 1.0, 21982, 10618
P1-1106121881893-01, 7.32, 0.34, 1.1, 1.0, 31766, 7157
P1-1106150830994-01, 2.37, 1.35, 0.75, 1.58, 4626, 4408
P1-1106162798090-01, 0.98, 6.0, 0.6, 1.96, 7162, 19411
P1-1106163050746-01, 3.3, 0.17, 1.13, 1.0, 7041, 3824
P1-1106163446133-01, 2.79, 1.35, 0.7, 1.58, 12791, 12187
P1-1106182066382-01, 1.61, 0.39, 0.6, 1.45, 5015, 3904
P1-1106190879487-01, 3.78, 0.07, 1.5, 0.1, 28486, 8664
P1-1106193095839-01, 3.38, 0.1, 0.87, 0.78, 20374, 11761
P1-1106200174108-01, 2.93, 3.0, 1.05, 0.98, 6019, 5734
P1-1106210909866-01, 1.0, 0.1, 0.45, 0.85, 7162, 6824
P1-1106220340825-01, 3.4, 1.31, 1.34, 0.89, 6902, 3823
P1-1106221166425-01, 3.23, 0.79, 0.97, 0.35, 6922, 4133
P1-1106252070521-01, 3.82, 2.5, 0.91, 0.2, 7495, 5158
P1-1106253469886-01, 3.22, 5.0, 1.45, 1.3, 7041, 6709
P1-1106270404097-01, 3.19, 3.0, 1.01, 0.65, 7041, 4778
P1-1106290372912-01, 1.43, 3.81, 0.55, 1.64, 4771, 6595
P1-1106291354565-01, 2.01, 1.62, 0.75, 0.5, 4907, 4675
P1-1106292083421-01, 1.78, 3.41, 0.7, 1.79, 3852, 4043
P1-1106343505746-01, 4.15, 5.25, 1.5, 2.67, 21982, 20943
P1-1106351063148-01, 3.19, 1.31, 1.46, 0.89, 6922, 4546
P1-1106351719420-01, 3.58, 2.5, 1.3, 1.0, 5092, 4408
P1-1106393316957-01, 2.14, 0.36, 0.6, 1.76, 5889, 4675
P1-1106401846762-01, 3.78, 0.79, 1.63, 0.35, 20374, 6824
P1-1106411675362-01, 3.68, 0.79, 1.31, 0.35, 20374, 6824
P1-1106422900573-01, 0.91, 5.62, 0.55, 1.05, 7162, 19411
P1-1106430950861-01, 1.67, 2.62, 0.7, 1.78, 3852, 3670
P1-1106441463201-01, 3.51, 0.79, 1.73, 0.35, 6902, 3744
P1-1106441516778-01, 3.54, 0.79, 1.61, 0.25, 27943, 8901
P1-1106442126953-01, 7.24, 3.94, 1.7, 1.0, 34298, 22618
P1-1106443525599-01, 3.59, 0.02, 1.63, 0.27, 4243, 3255
P1-1106450724166-01, 2.92, 0.33, 1.0, 0.78, 11843, 6824
P1-1106522780578-01, 1.8, 1.87, 0.75, 2.0, 5015, 4778
P1-1106610253204-01, 1.84, 0.39, 0.65, 1.0, 4907, 3744
P1-1106611447904-01, 2.88, 0.34, 1.01, 0.2, 5307, 4044
P1-1106612588002-01, 3.49, 3.9, 0.65, 1.98, 23739, 22618
P1-1106613279001-01, 1.42, 3.0, 0.95, 0.65, 7893, 12187
P1-1106640240190-01, 3.19, 0.39, 0.96, 1.45, 8449, 4686
P1-1106651391384-01, 3.55, 3.0, 1.16, 0.5, 7495, 5158
P1-1106672944731-01, 3.57, 0.79, 0.96, 0.25, 20374, 6824
P1-1106690411284-01, 3.37, 0.33, 1.27, 0.2, 7041, 3748
P1-1106691062500-01, 3.14, 1.31, 1.69, 0.89, 23286, 7574
P1-1106721587949-01, 3.01, 0.39, 1.16, 1.45, 7969, 4090
P1-1106740296350-01, 3.7, 3.9, 1.18, 1.98, 4243, 4043
P1-1106743266916-01, 3.25, 0.79, 1.04, 0.35, 4243, 3321
P1-1106852046718-01, 3.03, 0.34, 1.4, 0.2, 8995, 4569
P1-1106863191866-01, 3.01, 1.57, 1.06, 0.7, 21982, 12178
P1-1107100075977-01, 3.14, 2.1, 1.26, 1.24, 5092, 4408
P1-1107110517555-01, 3.28, 4.46, 1.12, 2.29, 7969, 7592
P1-1107130974134-01, 3.66, 1.57, 0.89, 0.7, 23739, 12187
P1-1107150084334-01, 3.45, 0.79, 1.25, 0.35, 23286, 7418
P1-1107150737895-01, 3.55, 1.31, 0.84, 0.89, 9939, 4760
P1-1107152123295-01, 3.1, 4.6, 1.18, 1.65, 7041, 6709
P1-1107152456421-01, 3.35, 2.1, 1.18, 0.9, 8995, 6190
P1-1107352053864-01, 3.2, 1.31, 1.4, 0.89, 6922, 4546
P1-1107372430810-01, 2.9, 1.57, 0.84, 0.7, 11843, 11283
P1-1107382728589-01, 3.82, 0.79, 1.18, 0.35, 23286, 7418
P1-1107403508188-01, 3.03, 1.31, 1.04, 0.89, 27943, 9087
P1-1107412101016-01, 3.71, 3.0, 0.97, 0.98, 27943, 14761
P2-1085162262945-01, 3.18, 2.36, 1.19, 0.95, 7041, 3283
P2-1085331455658-01, 3.03, 1.31, 1.71, 0.8, 7495, 3966
P2-1085581668598-01, 3.76, 0.07, 1.26, 0.3, 4243, 3236
P2-1086090845525-01, 0.82, 1.31, 0.5, 0.25, 3485, 3503
P2-1087050471228-01, 3.66, 0.34, 1.58, 0.3, 4243, 3503
P2-1087751735452-01, 3.47, 1.31, 0.81, 0.8, 7041, 3904
P2-1087830613086-01, 0.95, 2.5, 0.55, 0.25, 3485, 3503
P2-1100452398074-01, 2.95, 1.57, 1.07, 0.6, 6019, 5734
P2-1100611402863-01, 3.75, 3.0, 1.43, 0.5, 7969, 5405
P2-1101160796641-01, 3.27, 0.79, 1.45, 0.25, 23739, 7366
P2-1101172907185-01, 2.93, 0.79, 1.02, 0.25, 5307, 4133
P2-1101591125180-01, 0.77, 1.31, 0.4, 0.8, 8595, 18207
P2-1101632458672-01, 5.7, 4.66, 1.5, 2.0, 9564, 9112
P2-1101681248893-01, 4.5, 2.54, 1.1, 1.0, 7041, 4778
P2-1101701269843-01, 3.23, 0.79, 1.36, 0.2, 7969, 4007
P2-1101822346073-01, 1.13, 5.0, 0.6, 0.7, 4163, 7141
P2-1101871649103-01, 3.36, 0.1, 1.16, 1.0, 6922, 4133
P2-1102543291396-01, 3.83, 0.1, 1.36, 1.0, 7041, 4303
P2-1102553277475-01, 3.8, 0.79, 0.94, 0.25, 5092, 3984
P2-1102613092833-01, 1.43, 0.39, 0.7, 1.0, 4771, 4133
P2-1102671022619-01, 1.73, 0.39, 0.75, 1.0, 5672, 4537
P2-1102673408298-01, 3.57, 0.94, 0.75, 1.0, 20374, 6824
P2-1102802480899-01, 3.73, 0.79, 1.53, 0.3, 23286, 7418
P2-1102850462087-01, 3.28, 0.79, 1.07, 0.3, 23739, 12920
P2-1102900575628-01, 2.87, 0.34, 0.85, 0.2, 5672, 4122
P2-1102911308367-01, 2.94, 0.79, 1.07, 0.3, 11843, 6824
P2-1102912618905-01, 5.44, 0.66, 0.85, 1.0, 8995, 8587
P2-1102913369480-01, 3.26, 0.33, 0.83, 0.65, 8995, 4663
P2-1103002359510-01, 3.11, 0.1, 1.22, 1.0, 8449, 4589
P2-1103002446549-01, 3.69, 0.79, 1.24, 0.3, 23286, 7418
P2-1103012745047-01, 1.63, 3.0, 1.0, 0.5, 12782, 12178
P2-1103031113547-01, 2.01, 3.0, 0.3, 0.5, 12910, 12299
P2-1103052373632-01, 3.51, 0.79, 1.66, 0.35, 7495, 3885
P2-1103063429221-01, 3.46, 0.79, 1.65, 0.25, 7041, 3824
P2-1103090386797-01, 1.52, 0.94, 0.7, 1.0, 11843, 6824
P2-1103102926686-01, 2.96, 2.5, 1.31, 0.65, 5015, 4360
P2-1103122231835-01, 2.88, 0.9, 1.61, 0.5, 11843, 6824
P2-1103132191188-01, 3.24, 0.34, 1.56, 0.2, 7969, 3926
P2-1103252097641-01, 2.53, 9.0, 1.35, 1.5, 3852, 4397
P2-1103362887621-01, 3.46, 2.4, 1.52, 0.25, 20374, 11283
P2-1103383208722-01, 1.12, 3.0, 0.7, 0.5, 7949, 12299
P2-1103391398788-01, 3.02, 2.4, 0.85, 0.25, 5092, 4408
P2-1103512696736-01, 3.73, 1.04, 1.03, 0.4, 5092, 5085
P2-1103541578322-01, 3.75, 3.0, 0.83, 0.5, 7041, 4778
P2-1103552084176-01, 2.97, 0.79, 1.7, 0.3, 4626, 3984
P2-1103590616939-01, 5.78, 2.99, 0.95, 1.0, 28486, 14623
P2-1103612915173-01, 3.74, 0.79, 1.34, 0.25, 7495, 3885
P2-1104002972438-01, 2.05, 2.36, 0.75, 0.9, 4907, 4675
P2-1104060156492-01, 3.39, 0.17, 1.55, 0.83, 7041, 3824
P2-1104082685854-01, 3.24, 0.02, 1.53, 0.27, 20374, 6687
P2-1104090439568-01, 2.81, 1.35, 0.75, 1.58, 6019, 5734
P2-1104091930610-01, 8.75, 3.0, 0.8, 1.0, 34298, 12187
P2-1104101760297-01, 0.65, 3.0, 0.65, 0.5, 5298, 6485
P2-1104110018264-01, 1.19, 0.1, 0.35, 1.0, 7312, 6824
P2-1104110032264-01, 3.24, 0.34, 0.88, 0.2, 5092, 3906
P2-1104111725981-01, 3.71, 0.1, 1.04, 0.78, 9564, 5048
P2-1104111919816-01, 2.76, 2.5, 0.65, 0.65, 11843, 11283
P2-1104112277391-01, 3.77, 3.0, 1.74, 0.3, 9564, 6485
P2-1104122354211-01, 3.2, 0.79, 1.16, 0.25, 23286, 12044
P2-1104123014484-01, 0.81, 0.79, 0.35, 0.35, 4415, 5032
P2-1104213595335-01, 3.53, 0.33, 1.01, 0.78, 20374, 6824
P2-1104221798746-01, 5.63, 1.35, 0.75, 1.58, 9939, 6190
P2-1104253416642-01, 3.36, 0.79, 1.55, 0.35, 8995, 8587
P2-1104260150563-01, 3.52, 0.02, 0.82, 0.27, 8449, 4497
P2-1104260717054-01, 2.98, 2.4, 1.41, 0.25, 6807, 6485
P2-1104322601628-01, 2.92, 2.5, 1.15, 0.75, 4626, 5430
P2-1104330252684-01, 1.22, 3.0, 0.7, 0.5, 9472, 14623
P2-1104492260971-01, 1.39, 3.0, 0.65, 0.5, 4097, 4778
P2-1104570516502-01, 3.24, 1.31, 1.55, 0.89, 4243, 3393
P2-1104571741765-01, 3.58, 1.57, 1.59, 0.7, 7969, 5405
P2-1104602746468-01, 2.86, 1.31, 1.3, 0.89, 6497, 4760
P2-1104603459485-01, 3.01, 1.31, 1.28, 0.55, 7041, 3904
P2-1104611850144-01, 3.55, 0.79, 1.13, 0.35, 4243, 3321
P2-1104712265527-01, 3.68, 3.36, 0.8, 1.61, 7969, 7592
P2-1104713106476-01, 2.56, 2.62, 0.7, 0.6, 5015, 4778
P2-1104821629893-01, 2.93, 0.28, 1.7, 1.0, 4626, 4133
P2-1104850928856-01, 3.65, 3.36, 0.8, 1.61, 4243, 4043
P2-1104870574884-01, 1.17, 2.5, 0.7, 0.5, 7312, 11283
P2-1104930766864-01, 3.56, 3.15, 1.34, 1.4, 4243, 4043
P2-1104970621074-01, 2.47, 2.5, 0.7, 0.5, 5015, 4778
P2-1104973322166-01, 3.61, 1.57, 1.17, 0.7, 23286, 12299
P2-1105000450593-01, 1.13, 0.38, 0.55, 1.0, 7312, 6824
P2-1105000517230-01, 2.87, 1.35, 0.7, 1.58, 4626, 4408
P2-1105003296666-01, 2.59, 0.88, 1.0, 2.36, 11843, 11283
P2-1105010983119-01, 3.67, 2.5, 1.72, 0.55, 23286, 12299
P2-1105041730580-01, 3.49, 3.33, 1.0, 2.42, 21982, 20943
P2-1105060365921-01, 2.96, 5.5, 1.79, 1.73, 5672, 7592
P2-1105071509587-01, 3.27, 3.94, 1.25, 1.78, 8995, 8570
P2-1105152357143-01, 3.08, 0.79, 0.91, 0.2, 8449, 4589
P2-1105181392784-01, 3.33, 0.79, 1.34, 0.35, 20374, 6824
P2-1105182310206-01, 2.72, 2.5, 0.7, 0.65, 11843, 11283
P2-1105232056996-01, 3.31, 0.33, 1.18, 1.0, 8282, 3744
P2-1105243086149-01, 3.72, 2.1, 1.07, 0.9, 4243, 3670
P2-1105292535926-01, 3.89, 0.36, 0.6, 1.76, 20374, 11283
P2-1105310919955-01, 3.57, 0.39, 1.16, 1.45, 7969, 4090
P2-1105311653012-01, 3.19, 0.06, 1.4, 0.37, 5092, 3906
P2-1105321931615-01, 2.93, 1.31, 0.82, 0.55, 5413, 3966
P2-1105332140782-01, 3.63, 1.31, 0.99, 0.89, 4243, 3393
P2-1105420325782-01, 3.38, 0.79, 1.08, 0.35, 7041, 3824
P2-1105422527168-01, 3.17, 0.79, 1.07, 0.35, 20374, 6824
P2-1105431861115-01, 3.53, 0.79, 1.66, 0.35, 7495, 3885
P2-1105442885770-01, 3.68, 1.31, 1.22, 0.89, 7041, 3904
P2-1105450012478-01, 3.19, 0.79, 1.3, 0.2, 23286, 7418
P2-1105452614410-01, 3.7, 0.79, 1.37, 0.35, 23286, 7418
P2-1105453527473-01, 3.53, 0.79, 0.99, 0.25, 21982, 7157
P2-1105460285897-01, 3.62, 0.02, 1.46, 0.27, 8449, 4497
P2-1105461564618-01, 0.59, 0.33, 0.3, 0.78, 3485, 3321
P2-1105472062996-01, 3.39, 2.36, 1.68, 1.05, 20374, 11283
P2-1105472571402-01, 2.89, 2.5, 1.35, 0.75, 5015, 4778
P2-1105490507049-01, 3.7, 3.0, 1.75, 0.65, 4243, 3670
P2-1105491440752-01, 3.4, 0.79, 1.31, 0.35, 7041, 3824
P2-1105492307144-01, 3.14, 1.31, 0.89, 0.89, 20374, 6966
P2-1105492840712-01, 3.41, 0.79, 1.34, 0.2, 5092, 3984
P2-1105502771152-01, 3.48, 0.79, 1.36, 0.35, 9564, 4806
P2-1105503416203-01, 3.43, 3.0, 1.12, 0.65, 20374, 11283
P2-1105520661481-01, 3.63, 0.79, 1.15, 0.25, 8282, 3744
P2-1105522370895-01, 4.22, 3.24, 1.5, 2.0, 9564, 7670
P2-1105522440395-01, 3.34, 2.1, 1.7, 1.24, 8449, 5734
P2-1105530935666-01, 1.81, 0.49, 0.9, 2.0, 12910, 12044
P2-1105540833391-01, 3.31, 3.29, 1.2, 1.1, 5092, 4851
P2-1105541520555-01, 3.14, 1.31, 1.58, 0.89, 21982, 7305
P2-1105542142545-01, 3.39, 3.36, 0.85, 1.61, 23286, 22187
P2-1105552260590-01, 3.3, 0.06, 1.06, 0.45, 6902, 3668
P2-1105561959985-01, 3.56, 0.79, 0.96, 0.25, 4243, 3503
P2-1105583514354-01, 2.91, 2.5, 0.84, 0.65, 3852, 3670
P2-1105650742261-01, 2.87, 0.79, 1.48, 0.35, 5015, 3824
P2-1105673585518-01, 3.34, 0.79, 1.7, 0.35, 9939, 4493
P2-1105690331973-01, 3.3, 0.9, 1.11, 1.13, 23286, 7574
P2-1105692071506-01, 3.19, 0.79, 0.92, 0.35, 20374, 11761
P2-1105693459323-01, 3.82, 0.79, 1.22, 0.35, 8449, 4589
P2-1105720081007-01, 3.28, 0.79, 0.97, 0.35, 7495, 3885
P2-1105721981022-01, 1.17, 6.0, 0.65, 1.96, 4269, 4851
P2-1105730073728-01, 3.19, 1.31, 0.92, 0.89, 4243, 3393
P2-1105751478692-01, 2.94, 2.1, 1.47, 1.24, 11843, 11283
P2-1105760706076-01, 3.14, 0.79, 1.55, 0.35, 4243, 3321
P2-1105772935928-01, 3.15, 0.34, 1.5, 0.35, 20374, 6687
P2-1105780965493-01, 3.2, 0.33, 1.49, 0.85, 7041, 3824
P2-1105910568962-01, 1.24, 0.38, 0.55, 1.0, 4163, 4387
P2-1106001114358-01, 3.67, 1.57, 0.89, 0.7, 5092, 4408
P2-1106020636675-01, 2.93, 0.79, 1.58, 0.35, 4626, 3984
P2-1106033249223-01, 3.54, 0.02, 1.75, 0.27, 8449, 4497
P2-1106401846762-01, 3.36, 0.79, 1.53, 0.35, 20374, 6824
P2-1106422900573-01, 3.22, 3.0, 1.24, 0.98, 20374, 11283
P2-1106430145163-01, 3.81, 0.79, 1.36, 0.3, 4243, 3503
P2-1106441516778-01, 3.04, 0.79, 0.95, 0.25, 27943, 14614
P2-1106691062500-01, 0.89, 3.0, 0.45, 0.65, 7786, 12299
P2-1107352429765-01, 3.47, 1.31, 1.23, 0.89, 7041, 3904
P3-1101160796641-01, 3.28, 0.79, 1.58, 0.3, 23739, 7366
P3-1101681248893-01, 4.64, 3.72, 1.0, 1.0, 7041, 6709
P3-1101822346073-01, 3.74, 2.5, 1.18, 0.35, 7495, 5158
P3-1102802480899-01, 3.74, 0.79, 1.2, 0.25, 23286, 7418
P3-1102850462087-01, 3.2, 3.0, 1.35, 0.5, 23739, 12187
P3-1102851572097-01, 1.36, 0.21, 0.75, 2.0, 7949, 12299
P3-1103002359510-01, 1.09, 0.39, 0.6, 1.0, 4918, 4589
P3-1103012745047-01, 3.67, 1.49, 0.45, 2.07, 21982, 12178
P3-1103122231835-01, 3.42, 0.9, 1.1, 0.5, 20374, 6824
P3-1103402582508-01, 3.3, 0.34, 1.34, 0.3, 7041, 3748
P3-1104002972438-01, 3.56, 2.84, 1.79, 0.8, 6902, 4675
P3-1104101760297-01, 3.25, 0.9, 1.68, 0.5, 9564, 5048
P3-1104110032264-01, 3.29, 2.5, 1.14, 0.65, 5092, 4408
P3-1104221798746-01, 5.41, 1.8, 0.8, 2.26, 9939, 6190
P3-1104322601628-01, 3.76, 2.1, 0.65, 0.75, 5092, 5056
P3-1104330252684-01, 3.42, 0.3, 1.17, 1.0, 28486, 8840
P3-1104821629893-01, 3.47, 3.0, 0.97, 0.98, 5092, 5056
P3-1104870574884-01, 2.94, 0.79, 1.18, 0.35, 11843, 6824
P3-1105061748203-01, 6.7, 0.79, 1.25, 1.0, 9308, 3885
P3-1105152357143-01, 2.08, 0.9, 0.55, 1.13, 6019, 4686
P3-1105332140782-01, 3.71, 2.5, 1.59, 0.75, 4243, 3670
P3-1105431861115-01, 3.75, 0.25, 1.38, 0.15, 7495, 3807
P3-1105442885770-01, 3.45, 0.79, 1.72, 0.35, 7041, 3824
P3-1105450012478-01, 3.02, 3.0, 1.44, 0.98, 23286, 12299
P3-1105492307144-01, 3.02, 0.1, 1.72, 1.0, 20374, 6824
P3-1105650742261-01, 3.64, 3.0, 1.23, 0.55, 7041, 4778
P3-1105692071506-01, 3.39, 0.79, 1.67, 0.35, 20374, 6824
P3-1105730073728-01, 3.68, 2.5, 1.59, 0.76, 4243, 3670
P3-1105751478692-01, 3.63, 0.79, 1.79, 0.25, 20374, 6824
P3-1106270404097-01, 2.62, 1.35, 0.75, 1.58, 5015, 4778
P3-1106292083421-01, 3.39, 0.79, 1.64, 0.3, 4243, 3321
P3-1106672944731-01, 2.96, 1.31, 1.72, 0.8, 11843, 11761
P3-1106762034783-01, 3.62, 1.31, 1.04, 0.8, 7495, 3966
P3-1107102186991-01, 3.0, 2.62, 1.68, 0.25, 5672, 5405
P4-1102553277475-01, 3.8, 2.62, 1.67, 1.44, 5092, 4408
P4-1105003296666-01, 3.22, 1.67, 1.1, 2.96, 20374, 11283
P4-1105152357143-01, 5.92, 16.51, 2.2, 6.49, 8449, 11097
P5-1105003296666-01, 2.34, 0.71, 0.75, 1.63, 11843, 11283
P5-1105152357143-01, 3.47, 1.12, 0.83, 0.7, 8449, 4686
P6-1105003296666-01, 2.02, 0.79, 0.6, 1.62, 11843, 11283
P6-1105152357143-01, 2.89, 3.0, 1.68, 0.98, 6019, 5734
